{"1": {"3": {"15": [1524.80387096774, 38.83122403888683, 1869.072028281041, 383.0993813521877]}, "4": {"4": [1993.2204301075262, 72.60333333333347, 2363.0075268817195, 442.39043010752687], "11": [2014.7076344086013, 66.04365591397845, 2356.2376344086015, 407.5736559139785]}, "5": {"5": [475.467634408599, 471.00193548387097, 863.8255913978464, 859.3598924731184]}, "6": {"12": [980.5653763440849, 510.47333333333404, 1386.2849462365575, 916.1929032258066], "24": [1030.8843806156992, 495.67376344086097, 1415.4756812490768, 880.2650640742386]}, "7": {}, "8": {}, "12": {}, "13": {"4": [446.85978494623487, 1478.0294623655914, 797.8008602150524, 1828.9705376344089], "14": [361.4767741935475, 1392.515053763441, 822.3806451612893, 1853.4189247311829], "43": [571.5313448225054, 1465.2987450287233, 965.6519899837958, 1859.4193901900137]}, "14": {"49": [979.098939460891, 1418.6821593754607, 1426.579584622181, 1866.1628045367509]}, "15": {"14": [1489.3640860215046, 1465.9101075268823, 1877.45505376344, 1854.0010752688177]}, "16": {"13": [1957.4888172043002, 1402.6910752688175, 2332.6281720430097, 1777.8304301075268]}}, "3": {"1": {}, "2": {"52": [899.4526881720421, 49.798387096775286, 1268.0417204301061, 418.38741935483927]}, "3": {}, "4": {"12": [1915.4602150537626, 122.12107526881721, 2329.2374193548376, 535.8982795698923], "22": [1916.7544086021492, 137.5068817204301, 2269.941505376343, 490.69397849462365], "31": [1841.3694623655902, 72.52978494623687, 2242.946881720429, 474.1072043010755], "23": [1981.3098924731175, 157.27473118279585, 2260.4260215053755, 436.3908602150538]}, "5": {"18": [365.710860215052, 542.4651612903226, 758.5640860215035, 935.3183870967741], "33": [364.5369892473109, 517.7607526881729, 723.3195698924715, 876.5433333333335]}, "7": {}, "8": {}, "9": {}, "11": {}, "12": {"40": [1876.2552688172027, 985.9120430107533, 2250.239139784944, 1359.8959139784952], "44": [1911.1410752688162, 967.008279569893, 2285.8238709677407, 1341.6910752688177], "41": [1911.1410752688162, 1035.7218279569895, 2246.649677419354, 1371.2304301075271]}, "13": {"8": [404.52719104433527, 1506.3251755991846, 730.7411232455847, 1832.539107800434], "20": [435.8654838709648, 1578.681935483871, 720.701935483868, 1863.5183870967744], "26": [440.3850537634386, 1545.8956989247317, 743.932580645159, 1849.4432258064521], "15": [378.88268817204175, 1483.3976344086022, 710.4875268817191, 1815.0024731182796], "23": [434.0878494623645, 1519.129247311828, 721.9870967741924, 1807.0284946236561], "42": [425.0716129032245, 1494.7865591397854, 710.733333333332, 1780.4482795698927]}, "14": {"24": [966.7891397849457, 1495.308172043011, 1285.0537634408597, 1813.572795698925]}, "15": {"15": [1373.8724731182783, 1465.1830107526882, 1769.0860215053751, 1860.396559139785], "20": [1418.7755913978474, 1540.4883870967747, 1736.2136559139763, 1857.9264516129037], "53": [1450.8411827956966, 1471.8613978494627, 1758.0469892473093, 1779.0672043010754]}, "16": {"19": [1943.3507526881704, 1526.19, 2273.5455913978476, 1856.3848387096773], "40": [1906.0281720430098, 1463.8622580645167, 2223.344516129031, 1781.1786021505382], "17": [1923.6907526881705, 1531.0397849462368, 2251.5281720430094, 1858.8772043010754], "27": [1923.7733333333322, 1529.6723655913981, 2177.0066666666653, 1782.9056989247315]}}, "7": {"3": {"12": [1225.2626881720416, 42.22258064516109, 1570.9896774193535, 387.94956989247294], "26": [1324.2408703154242, 37.39387033646926, 1626.9134187656489, 340.06641878669393], "34": [1251.1996262862178, 28.411272436504987, 1635.171415945962, 412.3830620962492], "23": [1365.2162365591387, 40.66129032258095, 1657.884946236558, 333.3300000000004], "30": [1323.7801801233077, 37.39387033646926, 1596.5506175956896, 310.16430780885116]}, "4": {"11": [1749.0563878543005, 48.1545411695397, 2066.5930349514956, 365.6911882667348]}, "5": {}, "6": {"32": [821.9493255897128, 423.6455800349313, 1256.6040443574675, 858.300298802686], "28": [820.8902320981415, 478.8673290827601, 1235.030608337015, 893.0077053216337]}, "7": {"37": [1270.0201270963526, 435.78372367064503, 1653.4662163583937, 819.2298129326862]}, "11": {"44": [1296.9679207962454, 906.7585329209026, 1634.8933611093564, 1244.6839732340136]}, "12": {"26": [1853.8889905940277, 985.730509858385, 2173.5417671443292, 1305.3832864086867]}, "13": {"8": [162.1559758432736, 1465.2987450287233, 553.1235065126341, 1856.2662756980837], "27": [276.1026881720413, 1394.7430107526884, 621.4333333333316, 1740.0736559139787], "52": [244.03086021505214, 1390.5538709677421, 588.3995698924715, 1734.9225806451614]}, "16": {"22": [1744.3426881720416, 1337.3666666666668, 2146.863440860214, 1739.8874193548388], "28": [1835.9237947940992, 1417.7081787765926, 2156.699252993287, 1738.4836369757802]}}, "20": {"1": {}, "3": {}, "4": {}, "5": {"34": [492.7629728762895, 453.59369568419515, 853.3629358415906, 814.1936586494962], "43": [532.8095924078852, 475.488778065358, 822.7250762788531, 765.4042619363258]}, "7": {}, "9": {}, "10": {"21": [980.7090777097396, 923.4055610967332, 1310.768377417249, 1253.4648608042426], "33": [986.9269892473105, 909.3672043010752, 1335.4823655913965, 1257.9225806451611]}, "11": {"12": [1507.9729032258056, 986.7805376344083, 1781.1322580645156, 1259.939892473118], "53": [1491.594333270205, 920.6887864823352, 1885.0, 1314.0944532121302]}, "12": {}, "13": {}, "14": {}, "15": {}, "16": {}}, "22": {"3": {"31": [1369.8241935483854, 143.63924731182806, 1649.7806451612887, 423.5956989247313]}, "4": {}, "6": {"36": [871.8797340235237, 576.1469562106786, 1280.3960398123004, 984.6632619994552]}, "7": {"10": [1371.591397849461, 583.4415053763441, 1689.6346236559125, 901.4847311827958]}, "8": {"11": [1848.6215053763426, 516.8327956989247, 2180.964516129031, 849.1758064516129], "31": [1845.4559139784933, 554.8005376344088, 2184.2784946236543, 893.62311827957], "13": [1851.4354838709662, 554.1521505376345, 2190.906451612902, 893.62311827957]}, "9": {"57": [235.44258064515975, 965.1981720430113, 593.6169892473099, 1323.3725806451614], "53": [226.32978494623524, 934.9919354838712, 571.5891397849449, 1280.2512903225809], "39": [376.2840860215035, 1079.8888172043019, 713.873333333331, 1417.4780645161293]}, "11": {}, "12": {"13": [1857.89569892473, 1038.3077419354845, 2173.8860215053746, 1354.2980645161294]}, "13": {"10": [315.36236559139707, 1508.4697849462375, 632.1053763440846, 1825.212795698925], "23": [299.785053763439, 1524.4553763440863, 679.5946236559121, 1904.2649462365594]}, "14": {}, "15": {"10": [1285.6655913978484, 1466.6505376344094, 1661.2365591397834, 1842.2215053763443], "14": [1310.5451612903216, 1465.5546236559144, 1674.3722580645149, 1829.3817204301076], "39": [1409.8275268817183, 1499.575806451613, 1773.604301075267, 1863.3525806451617], "56": [1254.7946236559128, 1338.8169892473122, 1654.4860215053745, 1738.508387096774]}, "16": {"22": [1821.4403225806434, 1424.9370967741938, 2263.613548387095, 1867.1103225806455]}}}