{"1": {"3": {"19": [1638.821075268816, 54.13311827956977, 1907.2722580645147, 322.5843010752685], "22": [1663.8754408602153, 68.166838709677, 1906.6897204301076, 310.9811182795694], "43": [1688.7915034825248, 53.22966858152904, 1947.5160574879537, 311.95422258695794]}, "4": {"26": [2038.698196662667, 76.12449256149739, 2405.871582181258, 443.2978780800885]}, "5": {"9": [513.6859139784905, 540.1834408602151, 884.1610752688134, 910.6586021505381], "12": [530.4202580645147, 488.6606021505372, 855.5443440860199, 813.7846881720425], "28": [530.655698924729, 518.6440860215052, 918.4266666666645, 906.4150537634407], "33": [515.3557443764071, 581.3996376491386, 849.6425015255772, 915.6863947983088]}, "6": {"17": [984.4496774193549, 461.71483870967745, 1388.7944086021503, 866.0595698924728], "19": [984.4496774193549, 480.83363440860194, 1395.8990967741934, 892.2830537634404]}, "7": {"13": [1573.2556989247296, 527.7402150537639, 1847.1264516129017, 801.6109677419361], "27": [1567.6975110998878, 550.3743559960445, 1854.2598312396099, 836.9366761357664]}, "8": {}, "12": {"7": [1969.6064946236565, 1086.0389677419355, 2181.0419784946243, 1297.474451612903], "18": [2017.662924731183, 1011.6733763440859, 2342.079053763441, 1336.0895053763438], "31": [2099.2448602150534, 1060.403698924731, 2395.584946236559, 1356.7437849462367], "34": [2106.1458494623653, 1015.8724731182795, 2404.0424086021503, 1313.7690322580643]}, "13": {"6": [512.3588387096771, 1472.8163870967737, 807.351698924731, 1767.8092473118277], "18": [535.05152688172, 1461.0948817204303, 856.61152688172, 1782.6548817204302]}, "14": {"22": [1077.058580645161, 1468.116516129032, 1359.3080430107525, 1750.3659784946235]}, "15": {"21": [1508.6957849462365, 1497.8456344086023, 1870.121376344086, 1859.2712258064516]}, "16": {"24": [2089.1425376344087, 1528.2710967741937, 2364.810537634409, 1803.9390967741938], "19": [1961.1273118279555, 1447.6660215053764, 2371.012473118278, 1857.5511827956989]}}, "3": {"1": {}, "2": {}, "3": {}, "4": {}, "5": {"8": [425.8664946236554, 560.7452473118278, 745.2748387096767, 880.1535913978491]}, "7": {}, "8": {}, "9": {}, "11": {}, "12": {}, "13": {}, "14": {"62": [994.0938064516127, 1450.6484301075266, 1328.9633548387094, 1785.517978494623]}, "15": {}, "16": {}}, "7": {"3": {}, "4": {"22": [1921.4543010752677, 29.18602150537663, 2137.4324731182787, 245.1641935483874]}, "5": {"43": [371.24987774340616, 477.54116743471604, 714.3254087494452, 820.616698440755]}, "6": {"12": [798.1866236559131, 536.7170322580641, 1106.899182795698, 845.429591397849], "39": [922.4420133409084, 525.7104059087176, 1150.1911684868378, 753.4595610546469]}, "7": {}, "11": {}, "12": {"6": [1708.8581505376333, 993.2531182795699, 2030.8528172042998, 1315.2477849462366]}, "13": {}, "16": {}}, "20": {"1": {}, "3": {}, "4": {}, "5": {}, "7": {}, "9": {}, "10": {}, "11": {"18": [1561.5183655913982, 937.2976344086019, 1877.0713978494628, 1252.8506666666665], "24": [1457.0711827956993, 852.6550537634405, 1885.0, 1280.5838709677412]}, "12": {}, "13": {}, "14": {"21": [958.6204301075268, 1439.6646021505376, 1284.9756559139782, 1766.019827956989]}, "15": {}, "16": {}}, "22": {"3": {}, "4": {"25": [1907.6279999999988, 121.4098924731179, 2232.035956989246, 445.81784946236525], "48": [1705.4415483870973, 42.50731182795653, 2025.1638709677425, 362.22963440860167]}, "6": {}, "7": {"15": [1385.724602150537, 548.0404301075264, 1727.2545376344078, 889.5703655913971], "48": [1221.6453763440861, 412.90903225806414, 1621.8431827956988, 813.1068387096768]}, "8": {"23": [1830.6193548387087, 648.424086021505, 2170.961118279569, 988.765849462365], "55": [1843.6579354838711, 436.0591397849457, 2109.239655913979, 701.6408602150532]}, "9": {}, "11": {}, "12": {"50": [1796.3898064516134, 908.1284301075267, 2061.609978494624, 1173.3486021505375]}, "13": {"44": [490.3344946236541, 1539.3290322580644, 746.5329892473101, 1795.5275268817204]}, "14": {"38": [839.9967741935479, 1490.7417634408603, 1212.2838709677412, 1863.0288602150536]}, "15": {"31": [1358.757333333333, 1501.6851612903226, 1750.927655913978, 1893.8554838709676]}, "16": {"29": [1920.2486451612895, 1501.6851612903226, 2220.869677419354, 1802.306193548387], "40": [1921.237591397849, 1541.6255483870968, 2223.5301935483867, 1843.9181505376346]}}}